unit_id,worker_id
unit_0,1
unit_1,1
unit_10,1
unit_100,1
unit_101,1
unit_102,1
unit_103,1
unit_104,1
unit_105,1
unit_106,1
unit_107,1
unit_108,1
unit_109,1
unit_11,1
unit_110,1
unit_111,1
unit_112,1
unit_113,1
unit_114,1
unit_115,1
unit_116,1
unit_117,1
unit_118,1
unit_119,1
unit_12,1
unit_120,1
unit_121,1
unit_122,1
unit_123,1
unit_124,1
unit_125,1
unit_126,1
unit_127,1
unit_128,1
unit_129,1
unit_13,1
unit_130,1
unit_131,1
unit_132,1
unit_133,1
unit_134,1
unit_135,1
unit_136,1
unit_137,1
unit_138,1
unit_139,1
unit_14,1
unit_140,1
unit_141,1
unit_142,1
unit_143,1
unit_144,1
unit_145,1
unit_146,1
unit_147,1
unit_148,1
unit_149,1
unit_15,1
unit_150,1
unit_151,1
unit_152,1
unit_153,1
unit_154,1
unit_155,1
unit_156,1
unit_157,1
unit_158,1
unit_159,1
unit_16,1
unit_160,1
unit_161,1
unit_162,1
unit_163,1
unit_164,1
unit_165,1
unit_166,1
unit_167,1
unit_168,1
unit_169,1
unit_17,1
unit_170,1
unit_171,1
unit_172,1
unit_173,1
unit_174,1
unit_175,1
unit_176,1
unit_177,1
unit_178,1
unit_179,1
unit_18,1
unit_180,1
unit_181,1
unit_182,1
unit_183,1
unit_184,1
unit_185,1
unit_186,1
unit_187,1
unit_188,1
unit_189,1
unit_19,1
unit_190,1
unit_191,1
unit_192,1
unit_193,1
unit_194,1
unit_195,1
unit_196,1
unit_197,1
unit_198,1
unit_199,1
unit_2,1
unit_20,1
unit_21,1
unit_22,1
unit_23,1
unit_24,1
unit_25,1
unit_26,1
unit_27,1
unit_28,1
unit_29,1
unit_3,1
unit_30,1
unit_31,1
unit_32,1
unit_33,1
unit_34,1
unit_35,1
unit_36,1
unit_37,1
unit_38,1
unit_39,1
unit_4,1
unit_40,1
unit_41,1
unit_42,1
unit_43,1
unit_44,1
unit_45,1
unit_46,1
unit_47,1
unit_48,1
unit_49,1
unit_5,1
unit_50,1
unit_51,1
unit_52,1
unit_53,1
unit_54,1
unit_55,1
unit_56,1
unit_57,1
unit_58,1
unit_59,1
unit_6,1
unit_60,1
unit_61,1
unit_62,1
unit_63,1
unit_64,1
unit_65,1
unit_66,1
unit_67,1
unit_68,1
unit_69,1
unit_7,1
unit_70,1
unit_71,1
unit_72,1
unit_73,1
unit_74,1
unit_75,1
unit_76,1
unit_77,1
unit_78,1
unit_79,1
unit_8,1
unit_80,1
unit_81,1
unit_82,1
unit_83,1
unit_84,1
unit_85,1
unit_86,1
unit_87,1
unit_88,1
unit_89,1
unit_9,1
unit_90,1
unit_91,1
unit_92,1
unit_93,1
unit_94,1
unit_95,1
unit_96,1
unit_97,1
unit_98,1
unit_99,1
